{
    "0.09173430799345644": {
        "metrics": {
            "accuracy": 90.04629629629629,
            "precision": 0.8446215139442231,
            "recall": 0.9814814814814815
        },
        "params": {
            "batch_size": 124,
            "epochs": 100,
            "learning_rate": 0.14,
            "weights_bound": 9e-05
        },
        "plotpath": "./plots/result2.png"
    },
    "0.1701247560898636": {
        "metrics": {
            "accuracy": 77.77777777777779,
            "precision": 0.7970297029702971,
            "recall": 0.7453703703703703
        },
        "params": {
            "batch_size": 124,
            "epochs": 100,
            "learning_rate": 0.2,
            "weights_bound": 9e-05
        },
        "plotpath": "./plots/result1.png"
    },
    "0.18054196730364205": {
        "metrics": {
            "accuracy": 75.23148148148148,
            "precision": 0.7488584474885844,
            "recall": 0.7592592592592593
        },
        "params": {
            "batch_size": 124,
            "epochs": 100,
            "learning_rate": 0.09,
            "weights_bound": 9e-05
        },
        "plotpath": "./plots/result0.png"
    }
}