{
    "0.1769594586957074": {
        "metrics": {
            "accuracy": 74.30555555555556,
            "precision": 0.7464788732394366,
            "recall": 0.7361111111111112
        },
        "params": {
            "batch_size": 124,
            "epochs": 50,
            "learning_rate": 0.09,
            "weights_bound": 9e-05
        },
        "plotpath": "./plots/result0.png"
    },
    "0.18465350194599844": {
        "metrics": {
            "accuracy": 74.76851851851852,
            "precision": 0.7377777777777778,
            "recall": 0.7685185185185185
        },
        "params": {
            "batch_size": 124,
            "epochs": 50,
            "learning_rate": 0.14,
            "weights_bound": 9e-05
        },
        "plotpath": "./plots/result2.png"
    },
    "0.18789415278427551": {
        "metrics": {
            "accuracy": 72.91666666666666,
            "precision": 0.8721804511278195,
            "recall": 0.5370370370370371
        },
        "params": {
            "batch_size": 124,
            "epochs": 50,
            "learning_rate": 0.2,
            "weights_bound": 9e-05
        },
        "plotpath": "./plots/result1.png"
    }
}